1,0.072087944,2,1
1,0.11417849,18,1
1,0.13239066,4,1
1,0.13034408,3,0
1,0.15482331,12,0
1,0.13704921,14,0
1,0.14420936,3,1
1,0.12819085,4,0
1,0.14961074,14,0
1,0.10851394,1,0
1,0.13228658,11,0
1,0.11208285,4,1
1,0.11526257,3,1
1,0.11087895,13,0
1,0.12810806,13,0
1,0.17482731,16,1
1,0.13363731,10,0
1,0.14741729,3,0
1,0.10980325,20,1
1,0.13695975,7,0
1,0.17512687,14,0
1,0.13566981,6,0
1,0.13517243,12,0
1,0.14282341,0,0
1,0.080569674,2,1
1,0.10581852,18,1
1,0.11992618,4,1
1,0.10178514,3,0
1,0.20151993,12,0
1,0.14597242,14,0
1,0.13725153,3,1
1,0.12448752,4,0
1,0.10138927,14,0
1,0.10555494,1,0
1,0.12446037,11,0
1,0.10935875,4,1
1,0.12619276,3,1
1,0.11909179,13,0
1,0.11073154,13,0
1,0.14010658,16,1
1,0.12712556,10,0
1,0.14183291,3,0
1,0.1455539,20,1
1,0.18011969,7,0
1,0.1413346,14,0
1,0.10202795,6,0
1,0.082049328,12,0
1,0.1469524,0,0
1,0.079872872,2,1
1,0.13603003,18,1
1,0.11667133,4,1
1,0.097505872,3,0
1,0.14330366,12,0
1,0.1038031,14,0
1,0.12257928,3,1
1,0.11775147,4,0
1,0.1014659,14,0
1,0.12302415,1,0
1,0.11396909,11,0
1,0.10343433,4,1
1,0.13460786,3,1
1,0.13521846,13,0
1,0.12119156,13,0
1,0.17149303,16,1
1,0.11676892,10,0
1,0.12875397,3,0
1,0.13950752,20,1
1,0.095878635,7,0
1,0.14748958,14,0
1,0.091444638,6,0
1,0.10208255,12,0
1,0.15350795,0,0
1,0.10356386,2,1
1,0.10376182,18,1
1,0.13983321,4,1
1,0.068478045,3,0
1,0.18041052,12,0
1,0.14900863,14,0
1,0.1102122,3,1
1,0.11520627,4,0
1,0.13932531,14,0
1,0.12951589,1,0
1,0.097605893,11,0
1,0.10533156,4,1
1,0.13751357,3,1
1,0.12788534,13,0
1,0.10956318,13,0
1,0.19033102,16,1
1,0.14559383,10,0
1,0.097300161,3,0
1,0.13449936,20,1
1,0.1359011,7,0
1,0.13532647,14,0
1,0.11243124,6,0
1,0.085088303,12,0
1,0.14011416,0,0
1,0.074044796,2,1
1,0.11616856,18,1
1,0.12430066,4,1
1,0.11537604,3,0
1,0.16166368,12,0
1,0.11280127,14,0
1,0.10327086,3,1
1,0.10087143,4,0
1,0.12975805,14,0
1,0.098951688,1,0
1,0.074934933,11,0
1,0.12929387,4,1
1,0.12096178,3,1
1,0.14929807,13,0
1,0.14966272,13,0
1,0.1916648,16,1
1,0.17103268,10,0
1,0.13683187,3,0
1,0.083023272,20,1
1,0.14456965,7,0
1,0.14225923,14,0
1,0.092872271,6,0
1,0.07448726,12,0
1,0.12925281,0,0
1,0.1052256,2,1
1,0.11134918,18,1
1,0.10668833,4,1
1,0.090519056,3,0
1,0.13464303,12,0
1,0.12463231,14,0
1,0.14409877,3,1
1,0.14886003,4,0
1,0.12332219,14,0
1,0.12611783,1,0
1,0.13867717,11,0
1,0.086708977,4,1
1,0.14797669,3,1
1,0.11137969,13,0
1,0.152116,13,0
1,0.22572767,16,1
1,0.16896886,10,0
1,0.14808224,3,0
1,0.14734146,20,1
1,0.16781086,7,0
1,0.16488585,14,0
1,0.07379829,6,0
1,0.086936363,12,0
1,0.12594937,0,0
1,0.11040233,2,1
1,0.1089133,18,1
1,0.12671053,4,1
1,0.11979547,3,0
1,0.16958303,12,0
1,0.1195582,14,0
1,0.15605264,3,1
1,0.11502919,4,0
1,0.15265579,14,0
1,0.090978157,1,0
1,0.1149046,11,0
1,0.080059813,4,1
1,0.13895075,3,1
1,0.10533364,13,0
1,0.1626689,13,0
1,0.18565847,16,1
1,0.12455482,10,0
1,0.14187696,3,0
1,0.1102429,20,1
1,0.097095298,7,0
1,0.17125059,14,0
1,0.068844833,6,0
1,0.1118538,12,0
1,0.13585444,0,0
1,0.09871544,2,1
1,0.11082542,18,1
1,0.10490888,4,1
1,0.084071906,3,0
1,0.15670568,12,0
1,0.086497117,14,0
1,0.14696628,3,1
1,0.14695216,4,0
1,0.12783717,14,0
1,0.13776753,1,0
1,0.098486772,11,0
1,0.11484776,4,1
1,0.15135579,3,1
1,0.12632194,13,0
1,0.13084845,13,0
1,0.20395081,16,1
1,0.13226342,10,0
1,0.11324921,3,0
1,0.11732054,20,1
1,0.15253622,7,0
1,0.10364941,14,0
1,0.10051733,6,0
1,0.12576939,12,0
1,0.14638792,0,0
1,0.10889719,2,1
1,0.10565854,18,1
1,0.11137971,4,1
1,0.12978231,3,0
1,0.1581101,12,0
1,0.12834482,14,0
1,0.12751563,3,1
1,0.10344181,4,0
1,0.12684705,14,0
1,0.12327445,1,0
1,0.10087704,11,0
1,0.10931219,4,1
1,0.13535564,3,1
1,0.1410051,13,0
1,0.14430042,13,0
1,0.17695425,16,1
1,0.1181154,10,0
1,0.12441771,3,0
1,0.14513553,20,1
1,0.13681515,7,0
1,0.19979486,14,0
1,0.095141306,6,0
1,0.12341248,12,0
1,0.12759023,0,0
1,0.07761555,2,1
1,0.12870646,18,1
1,0.13521782,4,1
1,0.073227396,3,0
1,0.12072004,12,0
1,0.11807591,14,0
1,0.13581946,3,1
1,0.12696283,4,0
1,0.13995566,14,0
1,0.092266615,1,0
1,0.10865489,11,0
1,0.1007883,4,1
1,0.13699681,3,1
1,0.13060282,13,0
1,0.12463409,13,0
1,0.17434567,16,1
1,0.14986975,10,0
1,0.099261261,3,0
1,0.11953034,20,1
1,0.11428463,7,0
1,0.15289816,14,0
1,0.10298856,6,0
1,0.12067235,12,0
1,0.14567041,0,0
1,0.096144374,2,1
1,0.05941725,18,1
1,0.099613402,4,1
1,0.11515098,3,0
1,0.16310002,12,0
1,0.10079627,14,0
1,0.14864772,3,1
1,0.10216234,4,0
1,0.103208,14,0
1,0.1017186,1,0
1,0.11027946,11,0
1,0.13452799,4,1
1,0.10165475,3,1
1,0.11222433,13,0
1,0.16247565,13,0
1,0.14714705,16,1
1,0.14046524,10,0
1,0.12409022,3,0
1,0.081089507,20,1
1,0.14276002,7,0
1,0.14563368,14,0
1,0.10250988,6,0
1,0.11167354,12,0
1,0.13096103,0,0
1,0.085779198,2,1
1,0.12073579,18,1
1,0.1202434,4,1
1,0.069236911,3,0
1,0.18413297,12,0
1,0.12371378,14,0
1,0.070536781,3,1
1,0.11488451,4,0
1,0.10675282,14,0
1,0.099486321,1,0
1,0.11588279,11,0
1,0.10090647,4,1
1,0.1124026,3,1
1,0.10815621,13,0
1,0.12050475,13,0
1,0.12574677,16,1
1,0.10802952,10,0
1,0.095638331,3,0
1,0.10654536,20,1
1,0.12233893,7,0
1,0.17244749,14,0
1,0.079665172,6,0
1,0.097906507,12,0
1,0.12872614,0,0
1,0.08126601,2,1
1,0.11504885,18,1
1,0.089023611,4,1
1,0.10922361,3,0
1,0.15289617,12,0
1,0.1207162,14,0
1,0.13071559,3,1
1,0.12730691,4,0
1,0.14326212,14,0
1,0.12063297,1,0
1,0.11943184,11,0
1,0.10441518,4,1
1,0.11684787,3,1
1,0.11813949,13,0
1,0.14059677,13,0
1,0.16105927,16,1
1,0.091017158,10,0
1,0.07617887,3,0
1,0.11439566,20,1
1,0.15973494,7,0
1,0.15279,14,0
1,0.084410661,6,0
1,0.11371816,12,0
1,0.15354106,0,0
1,0.10362674,2,1
1,0.1267415,18,1
1,0.08768585,4,1
1,0.090236724,3,0
1,0.14362503,12,0
1,0.11887563,14,0
1,0.12986874,3,1
1,0.088049972,4,0
1,0.10427012,14,0
1,0.13023822,1,0
1,0.096810416,11,0
1,0.11717756,4,1
1,0.12948709,3,1
1,0.14472968,13,0
1,0.11010033,13,0
1,0.21560512,16,1
1,0.12189481,10,0
1,0.13047747,3,0
1,0.14272545,20,1
1,0.13310305,7,0
1,0.11231069,14,0
1,0.10327599,6,0
1,0.1217441,12,0
1,0.15006491,0,0
1,0.094182677,2,1
1,0.11896282,18,1
1,0.093158252,4,1
1,0.1080883,3,0
1,0.136386,12,0
1,0.11216881,14,0
1,0.09793363,3,1
1,0.10835536,4,0
1,0.13986496,14,0
1,0.12409111,1,0
1,0.11145111,11,0
1,0.10643542,4,1
1,0.10156419,3,1
1,0.092593805,13,0
1,0.14042234,13,0
1,0.18784601,16,1
1,0.12821419,10,0
1,0.11301356,3,0
1,0.10784396,20,1
1,0.10691161,7,0
1,0.14478275,14,0
1,0.10104931,6,0
1,0.087707262,12,0
1,0.14277135,0,0
1,0.061990478,2,1
1,0.13329328,18,1
1,0.12428928,4,1
1,0.065295497,3,0
1,0.18317793,12,0
1,0.11710813,14,0
1,0.13422592,3,1
1,0.11058925,4,0
1,0.093920231,14,0
1,0.11553296,1,0
1,0.11424221,11,0
1,0.11191637,4,1
1,0.12056437,3,1
1,0.13311288,13,0
1,0.1534336,13,0
1,0.20933146,16,1
1,0.1027683,10,0
1,0.11946162,3,0
1,0.062741338,20,1
1,0.14409506,7,0
1,0.12670817,14,0
1,0.11663116,6,0
1,0.098461141,12,0
1,0.16588079,0,0
1,0.092563402,2,1
1,0.1401043,18,1
1,0.10172469,4,1
1,0.087811241,3,0
1,0.21303797,12,0
1,0.12717675,14,0
1,0.12812265,3,1
1,0.15322822,4,0
1,0.15360961,14,0
1,0.13387881,1,0
1,0.10958668,11,0
1,0.10430236,4,1
1,0.12287613,3,1
1,0.11493644,13,0
1,0.15166273,13,0
1,0.18878968,16,1
1,0.11160632,10,0
1,0.13426494,3,0
1,0.11727612,20,1
1,0.11784419,7,0
1,0.13643909,14,0
1,0.088375993,6,0
1,0.1277219,12,0
1,0.15049747,0,0
1,0.1006588,2,1
1,0.13844482,18,1
1,0.1164474,4,1
1,0.11475871,3,0
1,0.18217664,12,0
1,0.10191916,14,0
1,0.10652499,3,1
1,0.12877583,4,0
1,0.1328087,14,0
1,0.15171458,1,0
1,0.13656262,11,0
1,0.10261594,4,1
1,0.1399613,3,1
1,0.1236643,13,0
1,0.12640893,13,0
1,0.17169136,16,1
1,0.16325184,10,0
1,0.14993184,3,0
1,0.1165931,20,1
1,0.17729052,7,0
1,0.18316943,14,0
1,0.094378825,6,0
1,0.092997463,12,0
1,0.14900273,0,0
1,0.11898848,2,1
1,0.10729617,18,1
1,0.088968636,4,1
1,0.087638228,3,0
1,0.13860463,12,0
1,0.10496461,14,0
1,0.12104476,3,1
1,0.13031019,4,0
1,0.10691191,14,0
1,0.095363426,1,0
1,0.082525227,11,0
1,0.081342271,4,1
1,0.14126597,3,1
1,0.13365871,13,0
1,0.13658983,13,0
1,0.17845522,16,1
1,0.1444679,10,0
1,0.1516882,3,0
1,0.12303261,20,1
1,0.14846206,7,0
1,0.12726632,14,0
1,0.08699963,6,0
1,0.098391879,12,0
1,0.17345175,0,0
1,0.052766983,2,1
1,0.10856331,18,1
1,0.092132405,4,1
1,0.062441184,3,0
1,0.14989595,12,0
1,0.10265393,14,0
1,0.11279238,3,1
1,0.093259513,4,0
1,0.17847122,14,0
1,0.1170194,1,0
1,0.11883592,11,0
1,0.088337129,4,1
1,0.15084322,3,1
1,0.12525165,13,0
1,0.19444773,13,0
1,0.17541587,16,1
1,0.11927801,10,0
1,0.14843636,3,0
1,0.089973361,20,1
1,0.16707628,7,0
1,0.19222644,14,0
1,0.11436448,6,0
1,0.10302884,12,0
1,0.13020456,0,0
1,0.094068819,2,1
1,0.13632301,18,1
1,0.10240994,4,1
1,0.059390403,3,0
1,0.16885585,12,0
1,0.1021335,14,0
1,0.136423,3,1
1,0.14686697,4,0
1,0.149526,14,0
1,0.13415187,1,0
1,0.10708692,11,0
1,0.079944139,4,1
1,0.14544459,3,1
1,0.15571612,13,0
1,0.13873088,13,0
1,0.20183164,16,1
1,0.13463481,10,0
1,0.10780258,3,0
1,0.15019834,20,1
1,0.13954828,7,0
1,0.14572895,14,0
1,0.10335199,6,0
1,0.1054857,12,0
1,0.12649204,0,0
1,0.083486741,2,1
1,0.15064574,18,1
1,0.066823305,4,1
1,0.11140218,3,0
1,0.15737819,12,0
1,0.12960471,14,0
1,0.12630378,3,1
1,0.12182522,4,0
1,0.13026522,14,0
1,0.13104605,1,0
1,0.11145599,11,0
1,0.1109505,4,1
1,0.1143708,3,1
1,0.13238432,13,0
1,0.1201229,13,0
1,0.17611721,16,1
1,0.11075961,10,0
1,0.12462766,3,0
1,0.12864967,20,1
1,0.12690948,7,0
1,0.1970549,14,0
1,0.081505593,6,0
1,0.10528715,12,0
1,0.10680489,0,0
1,0.091630376,2,1
1,0.15917588,18,1
1,0.11130269,4,1
1,0.10967014,3,0
1,0.17518321,12,0
1,0.13774947,14,0
1,0.12398284,3,1
1,0.11227244,4,0
1,0.12403083,14,0
1,0.15341253,1,0
1,0.10140385,11,0
1,0.10054331,4,1
1,0.14649681,3,1
1,0.11847801,13,0
1,0.1286418,13,0
1,0.15625204,16,1
1,0.14523457,10,0
1,0.1566535,3,0
1,0.11666022,20,1
1,0.13094889,7,0
1,0.1516725,14,0
1,0.10975716,6,0
1,0.088853087,12,0
1,0.16739515,0,0
1,0.049672182,2,1
1,0.11222119,18,1
1,0.084367844,4,1
1,0.088068649,3,0
1,0.17104434,12,0
1,0.13161508,14,0
1,0.094567537,3,1
1,0.12567352,4,0
1,0.10715756,14,0
1,0.09396137,1,0
1,0.10522424,11,0
1,0.081209873,4,1
1,0.17529595,3,1
1,0.13032065,13,0
1,0.1260321,13,0
1,0.18015419,16,1
1,0.12719688,10,0
1,0.15219435,3,0
1,0.091681807,20,1
1,0.11338478,7,0
1,0.15121298,14,0
1,0.074250813,6,0
1,0.083191611,12,0
1,0.16334794,0,0
1,0.10224817,2,1
1,0.11715113,18,1
1,0.14270713,4,1
1,0.060669955,3,0
1,0.18647113,12,0
1,0.10387779,14,0
1,0.11870356,3,1
1,0.12435119,4,0
1,0.10838597,14,0
1,0.10174463,1,0
1,0.13728865,11,0
1,0.096538039,4,1
1,0.12264833,3,1
1,0.14219067,13,0
1,0.11650978,13,0
1,0.214068,16,1
1,0.11935931,10,0
1,0.11517452,3,0
1,0.12260244,20,1
1,0.10243393,7,0
1,0.12858456,14,0
1,0.10485249,6,0
1,0.073330861,12,0
1,0.15787171,0,0
1,0.10099743,2,1
1,0.12806746,18,1
1,0.11891177,4,1
1,0.10940222,3,0
1,0.15141131,12,0
1,0.12310387,14,0
1,0.1509861,3,1
1,0.166813,4,0
1,0.11240479,14,0
1,0.12598392,1,0
1,0.10246412,11,0
1,0.075980128,4,1
1,0.16591223,3,1
1,0.14480265,13,0
1,0.14269749,13,0
1,0.13864752,16,1
1,0.13462784,10,0
1,0.11338205,3,0
1,0.1599445,20,1
1,0.15100772,7,0
1,0.15717463,14,0
1,0.10818752,6,0
1,0.13362489,12,0
1,0.13085211,0,0
1,0.06232819,2,1
1,0.1623607,18,1
1,0.10441521,4,1
1,0.099576252,3,0
1,0.16090775,12,0
1,0.13553931,14,0
1,0.13369275,3,1
1,0.11031844,4,0
1,0.15623305,14,0
1,0.10802429,1,0
1,0.10624792,11,0
1,0.14448896,4,1
1,0.12586608,3,1
1,0.12491359,13,0
1,0.12499084,13,0
1,0.16922545,16,1
1,0.095781953,10,0
1,0.12666922,3,0
1,0.12422308,20,1
1,0.15036628,7,0
1,0.098983116,14,0
1,0.06404821,6,0
1,0.11602724,12,0
1,0.12510448,0,0
1,0.10965309,2,1
1,0.099565201,18,1
1,0.082700219,4,1
1,0.10597281,3,0
1,0.18200322,12,0
1,0.086191362,14,0
1,0.1024714,3,1
1,0.095460708,4,0
1,0.1419147,14,0
1,0.12467135,1,0
1,0.11884713,11,0
1,0.10131637,4,1
1,0.14788239,3,1
1,0.084418974,13,0
1,0.15128806,13,0
1,0.18597783,16,1
1,0.10339405,10,0
1,0.12634254,3,0
1,0.1652077,20,1
1,0.11898239,7,0
1,0.1397084,14,0
1,0.099507663,6,0
1,0.10316503,12,0
1,0.14613221,0,0
1,0.070247516,2,1
1,0.10922088,18,1
1,0.11085488,4,1
1,0.10273867,3,0
1,0.19455375,12,0
1,0.12142362,14,0
1,0.12235508,3,1
1,0.14360074,4,0
1,0.13100805,14,0
1,0.12204071,1,0
1,0.10017818,11,0
1,0.077438252,4,1
1,0.09820291,3,1
1,0.13801777,13,0
1,0.13040493,13,0
1,0.19577914,16,1
1,0.11517644,10,0
1,0.13666218,3,0
1,0.12020428,20,1
1,0.12077951,7,0
1,0.14121993,14,0
1,0.054793514,6,0
1,0.11932127,12,0
1,0.13612701,0,0
1,0.099456358,2,1
1,0.15901139,18,1
1,0.11662316,4,1
1,0.079715651,3,0
1,0.17109244,12,0
1,0.11851384,14,0
1,0.15261383,3,1
1,0.14442166,4,0
1,0.14649351,14,0
1,0.12616506,1,0
1,0.087444636,11,0
1,0.11197704,4,1
1,0.13917171,3,1
1,0.11506413,13,0
1,0.14273735,13,0
1,0.19740194,16,1
1,0.10927218,10,0
1,0.10053842,3,0
1,0.13203041,20,1
1,0.15954994,7,0
1,0.15077684,14,0
1,0.11359123,6,0
1,0.099494767,12,0
1,0.12708968,0,0
1,0.088146392,2,1
1,0.10234973,18,1
1,0.11839571,4,1
1,0.11489074,3,0
1,0.17188944,12,0
1,0.13946711,14,0
1,0.12348167,3,1
1,0.11611464,4,0
1,0.17869717,14,0
1,0.11800065,1,0
1,0.12308761,11,0
1,0.10600219,4,1
1,0.13644186,3,1
1,0.12256128,13,0
1,0.11176892,13,0
1,0.19287315,16,1
1,0.12218667,10,0
1,0.13056253,3,0
1,0.16496597,20,1
1,0.12941258,7,0
1,0.14114997,14,0
1,0.11667199,6,0
1,0.078907548,12,0
1,0.12534034,0,0
1,0.10012938,2,1
1,0.11097109,18,1
1,0.10393287,4,1
1,0.10649516,3,0
1,0.18225174,12,0
1,0.1015621,14,0
1,0.16078294,3,1
1,0.1285807,4,0
1,0.12821289,14,0
1,0.11518129,1,0
1,0.1116492,11,0
1,0.09625946,4,1
1,0.14094257,3,1
1,0.10106362,13,0
1,0.12162803,13,0
1,0.17300358,16,1
1,0.092394724,10,0
1,0.16560646,3,0
1,0.11746003,20,1
1,0.19216034,7,0
1,0.13865091,14,0
1,0.10988616,6,0
1,0.10996768,12,0
1,0.17607718,0,0
1,0.063252489,2,1
1,0.11718397,18,1
1,0.1115573,4,1
1,0.13323784,3,0
1,0.19834305,12,0
1,0.16983073,14,0
1,0.091572367,3,1
1,0.10380496,4,0
1,0.13978878,14,0
1,0.080568406,1,0
1,0.12945919,11,0
1,0.095649442,4,1
1,0.10535137,3,1
1,0.1133771,13,0
1,0.14167844,13,0
1,0.21690054,16,1
1,0.13559948,10,0
1,0.15033085,3,0
1,0.13766296,20,1
1,0.15060712,7,0
1,0.13295953,14,0
1,0.066230068,6,0
1,0.1355797,12,0
1,0.13460197,0,0
1,0.075907737,2,1
1,0.13960052,18,1
1,0.11206841,4,1
1,0.10108526,3,0
1,0.19375535,12,0
1,0.1702308,14,0
1,0.14275359,3,1
1,0.11363728,4,0
1,0.12961559,14,0
1,0.12364197,1,0
1,0.1547261,11,0
1,0.11348472,4,1
1,0.14147826,3,1
1,0.12168593,13,0
1,0.17721942,13,0
1,0.18532239,16,1
1,0.14516095,10,0
1,0.13096973,3,0
1,0.129003,20,1
1,0.13328863,7,0
1,0.14994044,14,0
1,0.096358055,6,0
1,0.073392123,12,0
1,0.1700815,0,0
1,0.10224881,2,1
1,0.13043172,18,1
1,0.10187432,4,1
1,0.12747904,3,0
1,0.14494577,12,0
1,0.11444882,14,0
1,0.15815701,3,1
1,0.097013946,4,0
1,0.098384933,14,0
1,0.12551647,1,0
1,0.12354161,11,0
1,0.11283883,4,1
1,0.16437662,3,1
1,0.10321334,13,0
1,0.14500906,13,0
1,0.18214911,16,1
1,0.15038497,10,0
1,0.1388551,3,0
1,0.091825302,20,1
1,0.17442949,7,0
1,0.16574191,14,0
1,0.11257646,6,0
1,0.12284281,12,0
1,0.12337302,0,0
1,0.092829579,2,1
1,0.12564204,18,1
1,0.11300786,4,1
1,0.10623334,3,0
1,0.189933,12,0
1,0.16224079,14,0
1,0.14774083,3,1
1,0.12137198,4,0
1,0.14411316,14,0
1,0.11692331,1,0
1,0.13463916,11,0
1,0.12069803,4,1
1,0.14052732,3,1
1,0.13705271,13,0
1,0.14151564,13,0
1,0.20545077,16,1
1,0.1367279,10,0
1,0.15678926,3,0
1,0.1158056,20,1
1,0.1551806,7,0
1,0.1838064,14,0
1,0.095822437,6,0
1,0.11437724,12,0
1,0.14233519,0,0
1,0.045487097,2,1
1,0.15334742,18,1
1,0.091939608,4,1
1,0.11331902,3,0
1,0.19014541,12,0
1,0.10433577,14,0
1,0.15293032,3,1
1,0.13813979,4,0
1,0.12384743,14,0
1,0.1212038,1,0
1,0.12359001,11,0
1,0.12207202,4,1
1,0.13021854,3,1
1,0.095847162,13,0
1,0.13016948,13,0
1,0.16755041,16,1
1,0.14037877,10,0
1,0.14218361,3,0
1,0.1316422,20,1
1,0.14812348,7,0
1,0.13470825,14,0
1,0.1143363,6,0
1,0.08639906,12,0
1,0.14738409,0,0
1,0.048703882,2,1
1,0.1168638,18,1
1,0.12571899,4,1
1,0.088195573,3,0
1,0.14910691,12,0
1,0.14078842,14,0
1,0.15135766,3,1
1,0.082795608,4,0
1,0.13976329,14,0
1,0.14042803,1,0
1,0.13296004,11,0
1,0.13092478,4,1
1,0.12653478,3,1
1,0.11700754,13,0
1,0.11361687,13,0
1,0.15926567,16,1
1,0.11300848,10,0
1,0.16049227,3,0
1,0.11525645,20,1
1,0.17182866,7,0
1,0.1239847,14,0
1,0.10893752,6,0
1,0.073828419,12,0
1,0.16772707,0,0
1,0.077463702,2,1
1,0.12379326,18,1
1,0.14900919,4,1
1,0.10968643,3,0
1,0.14713932,12,0
1,0.12317268,14,0
1,0.13003954,3,1
1,0.14040571,4,0
1,0.11106589,14,0
1,0.12590855,1,0
1,0.11288469,11,0
1,0.10192268,4,1
1,0.14270435,3,1
1,0.11622725,13,0
1,0.18583813,13,0
1,0.16034644,16,1
1,0.13352806,10,0
1,0.17197463,3,0
1,0.10251843,20,1
1,0.1345548,7,0
1,0.1680415,14,0
1,0.08882351,6,0
1,0.11708431,12,0
1,0.14102231,0,0
1,0.087681321,2,1
1,0.093541362,18,1
1,0.11385671,4,1
1,0.12366131,3,0
1,0.20643561,12,0
1,0.1483146,14,0
1,0.13648356,3,1
1,0.13869246,4,0
1,0.11664392,14,0
1,0.12185459,1,0
1,0.13709695,11,0
1,0.096744195,4,1
1,0.13675839,3,1
1,0.1373197,13,0
1,0.14116862,13,0
1,0.18970435,16,1
1,0.13251667,10,0
1,0.10124473,3,0
1,0.13837974,20,1
1,0.11496558,7,0
1,0.11722018,14,0
1,0.058966304,6,0
1,0.12742361,12,0
1,0.097106464,0,0
1,0.054660744,2,1
1,0.14305843,18,1
1,0.11649418,4,1
1,0.11966065,3,0
1,0.19146381,12,0
1,0.16162764,14,0
1,0.10477733,3,1
1,0.095536297,4,0
1,0.12107466,14,0
1,0.1269064,1,0
1,0.090775194,11,0
1,0.10840386,4,1
1,0.12971868,3,1
1,0.13228059,13,0
1,0.14011839,13,0
1,0.20966679,16,1
1,0.13115898,10,0
1,0.16118038,3,0
1,0.13660554,20,1
1,0.13972989,7,0
1,0.17795056,14,0
1,0.14089711,6,0
1,0.12077829,12,0
1,0.1481814,0,0
1,0.08591527,2,1
1,0.11065867,18,1
1,0.11678647,4,1
1,0.12277357,3,0
1,0.19164831,12,0
1,0.1185809,14,0
1,0.13277919,3,1
1,0.1237775,4,0
1,0.15127735,14,0
1,0.10857986,1,0
1,0.1132767,11,0
1,0.12161415,4,1
1,0.13713634,3,1
1,0.10044694,13,0
1,0.11664821,13,0
1,0.19354444,16,1
1,0.14684753,10,0
1,0.12166188,3,0
1,0.13861134,20,1
1,0.15543322,7,0
1,0.14385091,14,0
1,0.067986501,6,0
1,0.1131677,12,0
1,0.1532134,0,0
1,0.08985032,2,1
1,0.12286217,18,1
1,0.10431529,4,1
1,0.12367462,3,0
1,0.18127641,12,0
1,0.10220476,14,0
1,0.091905455,3,1
1,0.1363658,4,0
1,0.11302077,14,0
1,0.10210609,1,0
1,0.11328115,11,0
1,0.074101334,4,1
1,0.12650077,3,1
1,0.10346625,13,0
1,0.17412972,13,0
1,0.15379879,16,1
1,0.14101679,10,0
1,0.15009571,3,0
1,0.080200911,20,1
1,0.1182454,7,0
1,0.15458391,14,0
1,0.091732441,6,0
1,0.10887489,12,0
1,0.1163615,0,0
1,0.063606067,2,1
1,0.097030346,18,1
1,0.10525385,4,1
1,0.10186546,3,0
1,0.19008985,12,0
1,0.12204182,14,0
1,0.09575521,3,1
1,0.10544178,4,0
1,0.1234817,14,0
1,0.15498391,1,0
1,0.07175582,11,0
1,0.087212599,4,1
1,0.1537211,3,1
1,0.13956474,13,0
1,0.1563119,13,0
1,0.18096308,16,1
1,0.17739961,10,0
1,0.10029307,3,0
1,0.096665201,20,1
1,0.11293143,7,0
1,0.19775861,14,0
1,0.10742397,6,0
1,0.10125408,12,0
1,0.14816878,0,0
1,0.097582315,2,1
1,0.13747592,18,1
1,0.12946179,4,1
1,0.10326019,3,0
1,0.16668801,12,0
1,0.098524758,14,0
1,0.15673461,3,1
1,0.12540152,4,0
1,0.17179104,14,0
1,0.13331971,1,0
1,0.1055868,11,0
1,0.073111618,4,1
1,0.13009562,3,1
1,0.11950484,13,0
1,0.19138062,13,0
1,0.16110434,16,1
1,0.14441514,10,0
1,0.10563075,3,0
1,0.11681333,20,1
1,0.13807947,7,0
1,0.14434974,14,0
1,0.1140784,6,0
1,0.10750937,12,0
1,0.1326241,0,0
1,0.079715364,2,1
1,0.13231096,18,1
1,0.071453478,4,1
1,0.10268977,3,0
1,0.14569718,12,0
1,0.13032966,14,0
1,0.11327203,3,1
1,0.12497818,4,0
1,0.10037764,14,0
1,0.11420174,1,0
1,0.091532593,11,0
1,0.088411673,4,1
1,0.12430712,3,1
1,0.11133447,13,0
1,0.11772693,13,0
1,0.18156044,16,1
1,0.13189572,10,0
1,0.17843494,3,0
1,0.12795355,20,1
1,0.16438749,7,0
1,0.1368567,14,0
1,0.10216394,6,0
1,0.10512512,12,0
1,0.13151362,0,0
1,0.07552301,2,1
1,0.088807296,18,1
1,0.10084953,4,1
1,0.062848848,3,0
1,0.17784813,12,0
1,0.11763859,14,0
1,0.10628334,3,1
1,0.11625384,4,0
1,0.14176726,14,0
1,0.097927375,1,0
1,0.087342675,11,0
1,0.05086013,4,1
1,0.13382672,3,1
1,0.092779499,13,0
1,0.15928059,13,0
1,0.17777341,16,1
1,0.13831741,10,0
1,0.12522542,3,0
1,0.13459472,20,1
1,0.17323455,7,0
1,0.14961813,14,0
1,0.13571673,6,0
1,0.085336763,12,0
1,0.13346663,0,0
1,0.077717715,2,1
1,0.14104056,18,1
1,0.07268274,4,1
1,0.076974403,3,0
1,0.16700882,12,0
1,0.092333473,14,0
1,0.15393083,3,1
1,0.15039494,4,0
1,0.14726089,14,0
1,0.099437,1,0
1,0.11975962,11,0
1,0.072425151,4,1
1,0.13880223,3,1
1,0.15012616,13,0
1,0.15313127,13,0
1,0.20983296,16,1
1,0.13927765,10,0
1,0.16228486,3,0
1,0.14027255,20,1
1,0.15381146,7,0
1,0.13597643,14,0
1,0.1101169,6,0
1,0.10392265,12,0
1,0.12713032,0,0
1,0.068113884,2,1
1,0.13213964,18,1
1,0.10472959,4,1
1,0.12849158,3,0
1,0.14180203,12,0
1,0.14257157,14,0
1,0.13947744,3,1
1,0.13944844,4,0
1,0.14437124,14,0
1,0.10489882,1,0
1,0.11527638,11,0
1,0.11971587,4,1
1,0.10842332,3,1
1,0.11033557,13,0
1,0.11056007,13,0
1,0.16122896,16,1
1,0.09252834,10,0
1,0.076439546,3,0
1,0.10424625,20,1
1,0.16530293,7,0
1,0.17015536,14,0
1,0.077777105,6,0
1,0.10014103,12,0
1,0.14075293,0,0
1,0.1092227,2,1
1,0.09774908,18,1
1,0.13210105,4,1
1,0.072907533,3,0
1,0.20438087,12,0
1,0.1623844,14,0
1,0.10773528,3,1
1,0.17556888,4,0
1,0.14451783,14,0
1,0.10427788,1,0
1,0.1316358,11,0
1,0.098647486,4,1
1,0.15099882,3,1
1,0.094557442,13,0
1,0.14302735,13,0
1,0.22003003,16,1
1,0.1449842,10,0
1,0.12649963,3,0
1,0.11000462,20,1
1,0.15673333,7,0
1,0.14997881,14,0
1,0.10543473,6,0
1,0.10973614,12,0
1,0.11852576,0,0
1,0.10117023,2,1
1,0.14229614,18,1
1,0.14618083,4,1
1,0.05950842,3,0
1,0.19321797,12,0
1,0.10477249,14,0
1,0.13518763,3,1
1,0.11435459,4,0
1,0.15930826,14,0
1,0.09214842,1,0
1,0.10724481,11,0
1,0.10213197,4,1
1,0.13308071,3,1
1,0.090732941,13,0
1,0.14027747,13,0
1,0.18618497,16,1
1,0.13488247,10,0
1,0.10181971,3,0
1,0.12710415,20,1
1,0.13908169,7,0
1,0.15639804,14,0
1,0.10664288,6,0
1,0.14170034,12,0
1,0.15130935,0,0
1,0.089413221,2,1
1,0.10543879,18,1
1,0.11213139,4,1
1,0.13522911,3,0
1,0.17065811,12,0
1,0.086609341,14,0
1,0.12402048,3,1
1,0.099100931,4,0
1,0.12492567,14,0
1,0.1215635,1,0
1,0.11542159,11,0
1,0.099350649,4,1
1,0.12489828,3,1
1,0.12363318,13,0
1,0.13369964,13,0
1,0.20482889,16,1
1,0.11794563,10,0
1,0.10277119,3,0
1,0.1264892,20,1
1,0.15742411,7,0
1,0.15000892,14,0
1,0.13993899,6,0
1,0.13020386,12,0
1,0.12928534,0,0
1,0.079068254,2,1
1,0.095938104,18,1
1,0.095108393,4,1
1,0.098166985,3,0
1,0.13294507,12,0
1,0.12326934,14,0
1,0.14749217,3,1
1,0.13570831,4,0
1,0.1605526,14,0
1,0.14607886,1,0
1,0.10833341,11,0
1,0.10886655,4,1
1,0.14903525,3,1
1,0.13353629,13,0
1,0.10828811,13,0
1,0.19281613,16,1
1,0.10293615,10,0
1,0.13351233,3,0
1,0.15102927,20,1
1,0.17206192,7,0
1,0.13956362,14,0
1,0.12691583,6,0
1,0.10182126,12,0
1,0.12357788,0,0
1,0.085813135,2,1
1,0.13971317,18,1
1,0.12197791,4,1
1,0.086704375,3,0
1,0.19937517,12,0
1,0.10161563,14,0
1,0.11304477,3,1
1,0.13642919,4,0
1,0.11963988,14,0
1,0.16294984,1,0
1,0.11655833,11,0
1,0.11101824,4,1
1,0.12793255,3,1
1,0.11676557,13,0
1,0.12517473,13,0
1,0.18663867,16,1
1,0.11758771,10,0
1,0.094066684,3,0
1,0.17289516,20,1
1,0.17854048,7,0
1,0.16792203,14,0
1,0.10018985,6,0
1,0.10225223,12,0
1,0.15663752,0,0
1,0.047539752,2,1
1,0.10879974,18,1
1,0.079615027,4,1
1,0.085634169,3,0
1,0.15827512,12,0
1,0.13828202,14,0
1,0.10790238,3,1
1,0.13321917,4,0
1,0.14806754,14,0
1,0.11727462,1,0
1,0.088866089,11,0
1,0.10040386,4,1
1,0.13940623,3,1
1,0.11249671,13,0
1,0.16282919,13,0
1,0.15401819,16,1
1,0.11193976,10,0
1,0.13562139,3,0
1,0.10097768,20,1
1,0.14369681,7,0
1,0.1530026,14,0
1,0.11797342,6,0
1,0.13245043,12,0
1,0.14277109,0,0
1,0.054075926,2,1
1,0.11796871,18,1
1,0.098190286,4,1
1,0.11747143,3,0
1,0.17171944,12,0
1,0.14247388,14,0
1,0.11973556,3,1
1,0.10035424,4,0
1,0.14930369,14,0
1,0.098328354,1,0
1,0.11114832,11,0
1,0.10339938,4,1
1,0.11428112,3,1
1,0.13292748,13,0
1,0.1512431,13,0
1,0.1473118,16,1
1,0.13126766,10,0
1,0.13761133,3,0
1,0.15633493,20,1
1,0.1324871,7,0
1,0.14948527,14,0
1,0.11342284,6,0
1,0.10472068,12,0
1,0.10121854,0,0
1,0.0919087,2,1
1,0.082741437,18,1
1,0.090998494,4,1
1,0.11258522,3,0
1,0.19400082,12,0
1,0.14715466,14,0
1,0.099569969,3,1
1,0.12404967,4,0
1,0.10173377,14,0
1,0.11213933,1,0
1,0.11401946,11,0
1,0.11113316,4,1
1,0.13410482,3,1
1,0.11974486,13,0
1,0.15292334,13,0
1,0.1693577,16,1
1,0.15032245,10,0
1,0.12718497,3,0
1,0.12524802,20,1
1,0.17506492,7,0
1,0.15840871,14,0
1,0.096548171,6,0
1,0.1065659,12,0
1,0.13082563,0,0
1,0.086709332,2,1
1,0.13177306,18,1
1,0.10216263,4,1
1,0.085681436,3,0
1,0.16918663,12,0
1,0.13065442,14,0
1,0.16551983,3,1
1,0.12090228,4,0
1,0.13571029,14,0
1,0.16428604,1,0
1,0.088343958,11,0
1,0.12770822,4,1
1,0.13865442,3,1
1,0.11353003,13,0
1,0.16462407,13,0
1,0.20802142,16,1
1,0.12353001,10,0
1,0.13054759,3,0
1,0.11752619,20,1
1,0.13485648,7,0
1,0.18634138,14,0
1,0.091937089,6,0
1,0.11388776,12,0
1,0.13709574,0,0
1,0.097636058,2,1
1,0.10490637,18,1
1,0.11069599,4,1
1,0.079321171,3,0
1,0.15245051,12,0
1,0.11133586,14,0
1,0.14066503,3,1
1,0.11910751,4,0
1,0.14520712,14,0
1,0.13476742,1,0
1,0.096657183,11,0
1,0.06395302,4,1
1,0.13022015,3,1
1,0.094695164,13,0
1,0.14932232,13,0
1,0.15532979,16,1
1,0.14152248,10,0
1,0.11339861,3,0
1,0.13670399,20,1
1,0.15503327,7,0
1,0.12813261,14,0
1,0.10347302,6,0
1,0.077474202,12,0
1,0.1099217,0,0
1,0.074778332,2,1
1,0.116116,18,1
1,0.10462278,4,1
1,0.09848837,3,0
1,0.14701552,12,0
1,0.095688311,14,0
1,0.10333946,3,1
1,0.11429182,4,0
1,0.11870155,14,0
1,0.098284167,1,0
1,0.11943296,11,0
1,0.10826213,4,1
1,0.11855333,3,1
1,0.13168068,13,0
1,0.13265243,13,0
1,0.17879702,16,1
1,0.11048928,10,0
1,0.12585245,3,0
1,0.12469822,20,1
1,0.1124994,7,0
1,0.15677979,14,0
1,0.10087353,6,0
1,0.11427413,12,0
1,0.14266834,0,0
1,0.05822072,2,1
1,0.13205513,18,1
1,0.078194456,4,1
1,0.071307897,3,0
1,0.1626902,12,0
1,0.16270665,14,0
1,0.096925676,3,1
1,0.123392,4,0
1,0.10656951,14,0
1,0.14005409,1,0
1,0.13262187,11,0
1,0.093816544,4,1
1,0.11969615,3,1
1,0.15587637,13,0
1,0.13567959,13,0
1,0.1961216,16,1
1,0.10489132,10,0
1,0.12285401,3,0
1,0.12389469,20,1
1,0.16580308,7,0
1,0.14744577,14,0
1,0.071423134,6,0
1,0.091408833,12,0
1,0.1216321,0,0
1,0.10138789,2,1
1,0.094503603,18,1
1,0.1011048,4,1
1,0.12283438,3,0
1,0.19030456,12,0
1,0.14716353,14,0
1,0.10716598,3,1
1,0.10268686,4,0
1,0.13065219,14,0
1,0.10352947,1,0
1,0.13391202,11,0
1,0.075028932,4,1
1,0.11552193,3,1
1,0.10918843,13,0
1,0.11834867,13,0
1,0.18372276,16,1
1,0.11413473,10,0
1,0.09334309,3,0
1,0.079253931,20,1
1,0.17473303,7,0
1,0.12828471,14,0
1,0.11468514,6,0
1,0.067943985,12,0
1,0.16201824,0,0
1,0.067604397,2,1
1,0.13758774,18,1
1,0.10091871,4,1
1,0.12471131,3,0
1,0.1981851,12,0
1,0.15329305,14,0
1,0.090936362,3,1
1,0.12048271,4,0
1,0.14241293,14,0
1,0.11456291,1,0
1,0.11687802,11,0
1,0.10303356,4,1
1,0.13889435,3,1
1,0.15367159,13,0
1,0.14470975,13,0
1,0.1787348,16,1
1,0.13322259,10,0
1,0.11700051,3,0
1,0.14103219,20,1
1,0.17536058,7,0
1,0.16200003,14,0
1,0.13846518,6,0
1,0.13729742,12,0
1,0.09367915,0,0
1,0.05042885,2,1
1,0.14388484,18,1
1,0.14100563,4,1
1,0.11038754,3,0
1,0.15055784,12,0
1,0.10653664,14,0
1,0.14075149,3,1
1,0.10538049,4,0
1,0.14308664,14,0
1,0.14235426,1,0
1,0.098124525,11,0
1,0.096054684,4,1
1,0.14068393,3,1
1,0.12790027,13,0
1,0.14319849,13,0
1,0.15696363,16,1
1,0.092092183,10,0
1,0.11013099,3,0
1,0.12222611,20,1
1,0.15370549,7,0
1,0.15250164,14,0
1,0.11981822,6,0
1,0.08510837,12,0
1,0.16522971,0,0
1,0.093174913,2,1
1,0.12601473,18,1
1,0.092784899,4,1
1,0.1116248,3,0
1,0.15460518,12,0
1,0.12608888,14,0
1,0.15616322,3,1
1,0.10359054,4,0
1,0.12913157,14,0
1,0.11490035,1,0
1,0.11828256,11,0
1,0.1083307,4,1
1,0.12620714,3,1
1,0.13258676,13,0
1,0.1274241,13,0
1,0.1730769,16,1
1,0.11670279,10,0
1,0.11861399,3,0
1,0.12041713,20,1
1,0.14881139,7,0
1,0.1541751,14,0
1,0.1115808,6,0
1,0.062042074,12,0
1,0.15655993,0,0
1,0.083760031,2,1
1,0.1302072,18,1
1,0.13272636,4,1
1,0.093134884,3,0
1,0.19993258,12,0
1,0.13426832,14,0
1,0.10181207,3,1
1,0.11968734,4,0
1,0.10976,14,0
1,0.11483806,1,0
1,0.11318567,11,0
1,0.11763627,4,1
1,0.17296201,3,1
1,0.094989989,13,0
1,0.13772254,13,0
1,0.17191295,16,1
1,0.10664378,10,0
1,0.11293127,3,0
1,0.13700227,20,1
1,0.14761959,7,0
1,0.16410381,14,0
1,0.12247204,6,0
1,0.13733733,12,0
1,0.13647498,0,0
1,0.1043518,2,1
1,0.13382598,18,1
1,0.14357545,4,1
1,0.10286596,3,0
1,0.18362155,12,0
1,0.10444468,14,0
1,0.09371487,3,1
1,0.14024593,4,0
1,0.12642583,14,0
1,0.11762946,1,0
1,0.1351321,11,0
1,0.10926547,4,1
1,0.14480516,3,1
1,0.11947426,13,0
1,0.1347559,13,0
1,0.16848331,16,1
1,0.11048919,10,0
1,0.10356709,3,0
1,0.12292122,20,1
1,0.14866372,7,0
1,0.14407595,14,0
1,0.080961581,6,0
1,0.1090112,12,0
1,0.15111503,0,0
1,0.11120785,2,1
1,0.10051279,18,1
1,0.15236024,4,1
1,0.12065754,3,0
1,0.1681178,12,0
1,0.15632063,14,0
1,0.13397435,3,1
1,0.10129723,4,0
1,0.14220273,14,0
1,0.12396826,1,0
1,0.11683283,11,0
1,0.091270259,4,1
1,0.16764007,3,1
1,0.12463471,13,0
1,0.1600873,13,0
1,0.18317254,16,1
1,0.11759731,10,0
1,0.12982581,3,0
1,0.14016378,20,1
1,0.09704942,7,0
1,0.17761308,14,0
1,0.12931002,6,0
1,0.10997721,12,0
1,0.1538344,0,0
1,0.077310654,2,1
1,0.086513304,18,1
1,0.10277552,4,1
1,0.12024547,3,0
1,0.16331428,12,0
1,0.11242966,14,0
1,0.11531718,3,1
1,0.13765556,4,0
1,0.11973342,14,0
1,0.10437818,1,0
1,0.091844949,11,0
1,0.11632492,4,1
1,0.13496124,3,1
1,0.13383512,13,0
1,0.13534841,13,0
1,0.14431548,16,1
1,0.17572543,10,0
1,0.12527361,3,0
1,0.12343042,20,1
1,0.10605523,7,0
1,0.20126487,14,0
1,0.14463966,6,0
1,0.11279541,12,0
1,0.12202951,0,0
1,0.065292442,2,1
1,0.13037382,18,1
1,0.11903711,4,1
1,0.097340962,3,0
1,0.13909824,12,0
1,0.12381137,14,0
1,0.12354662,3,1
1,0.11036244,4,0
1,0.16489176,14,0
1,0.11483545,1,0
1,0.10835014,11,0
1,0.12115127,4,1
1,0.14319813,3,1
1,0.082980905,13,0
1,0.15148126,13,0
1,0.17000839,16,1
1,0.10427623,10,0
1,0.12576204,3,0
1,0.13231627,20,1
1,0.13810305,7,0
1,0.1456829,14,0
1,0.14362799,6,0
1,0.093157976,12,0
1,0.11268228,0,0
1,0.082760889,2,1
1,0.11029815,18,1
1,0.10373841,4,1
1,0.12416938,3,0
1,0.19120044,12,0
1,0.1402033,14,0
1,0.15803845,3,1
1,0.12149136,4,0
1,0.15164332,14,0
1,0.12740596,1,0
1,0.12057678,11,0
1,0.10267171,4,1
1,0.1190676,3,1
1,0.11242101,13,0
1,0.15414351,13,0
1,0.21644658,16,1
1,0.12759999,10,0
1,0.12412462,3,0
1,0.12127344,20,1
1,0.16666127,7,0
1,0.14623231,14,0
1,0.12803439,6,0
1,0.12137412,12,0
1,0.17214833,0,0
1,0.10610423,2,1
1,0.10964717,18,1
1,0.10255113,4,1
1,0.082954896,3,0
1,0.17028219,12,0
1,0.12729003,14,0
1,0.097923448,3,1
1,0.11678142,4,0
1,0.11165018,14,0
1,0.12500479,1,0
1,0.1272035,11,0
1,0.093534644,4,1
1,0.13963778,3,1
1,0.11489876,13,0
1,0.10768639,13,0
1,0.16986398,16,1
1,0.11367529,10,0
1,0.087453463,3,0
1,0.12394339,20,1
1,0.13606875,7,0
1,0.16197944,14,0
1,0.10464998,6,0
1,0.12097394,12,0
1,0.1258252,0,0
1,0.10257833,2,1
1,0.068144024,18,1
1,0.078794871,4,1
1,0.082111438,3,0
1,0.17406564,12,0
1,0.13709644,14,0
1,0.1405636,3,1
1,0.12883729,4,0
1,0.1005267,14,0
1,0.082162799,1,0
1,0.10373968,11,0
1,0.096218655,4,1
1,0.10758157,3,1
1,0.095520231,13,0
1,0.14400358,13,0
1,0.15735821,16,1
1,0.11376592,10,0
1,0.11773229,3,0
1,0.11187194,20,1
1,0.13998943,7,0
1,0.1554977,14,0
1,0.068828544,6,0
1,0.10358814,12,0
1,0.17731954,0,0
1,0.065984972,2,1
1,0.14549072,18,1
1,0.099295366,4,1
1,0.13021408,3,0
1,0.17692052,12,0
1,0.12665774,14,0
1,0.11318761,3,1
1,0.10333556,4,0
1,0.1195625,14,0
1,0.098825289,1,0
1,0.088119034,11,0
1,0.077070747,4,1
1,0.13183198,3,1
1,0.078714879,13,0
1,0.12520263,13,0
1,0.18709778,16,1
1,0.11886485,10,0
1,0.15870556,3,0
1,0.135599,20,1
1,0.14644359,7,0
1,0.18578939,14,0
1,0.092225096,6,0
1,0.082350496,12,0
1,0.11835241,0,0
1,0.096327898,2,1
1,0.13569195,18,1
1,0.1426348,4,1
1,0.095971038,3,0
1,0.16904221,12,0
1,0.13611064,14,0
1,0.10241192,3,1
1,0.15706397,4,0
1,0.11279129,14,0
1,0.11272132,1,0
1,0.1013022,11,0
1,0.13384305,4,1
1,0.12016754,3,1
1,0.1328708,13,0
1,0.15706236,13,0
1,0.20254535,16,1
1,0.10082993,10,0
1,0.15615906,3,0
1,0.14593228,20,1
1,0.14598932,7,0
1,0.16303113,14,0
1,0.10613716,6,0
1,0.055646021,12,0
1,0.13807267,0,0
1,0.091807681,2,1
1,0.13223398,18,1
1,0.11976541,4,1
1,0.079335432,3,0
1,0.16041144,12,0
1,0.10959461,14,0
1,0.089071568,3,1
1,0.13006587,4,0
1,0.12402535,14,0
1,0.085621984,1,0
1,0.1344472,11,0
1,0.10852305,4,1
1,0.11830751,3,1
1,0.10180045,13,0
1,0.12717704,13,0
1,0.16431634,16,1
1,0.12060007,10,0
1,0.13559959,3,0
1,0.11461814,20,1
1,0.10520319,7,0
1,0.17670929,14,0
1,0.1121598,6,0
1,0.081707519,12,0
1,0.10085934,0,0
1,0.10871693,2,1
1,0.1805428,18,1
1,0.11810148,4,1
1,0.078799924,3,0
1,0.15000749,12,0
1,0.13124519,14,0
1,0.12414052,3,1
1,0.15159698,4,0
1,0.15190438,14,0
1,0.12509473,1,0
1,0.10611726,11,0
1,0.081512127,4,1
1,0.14242204,3,1
1,0.10749789,13,0
1,0.1543011,13,0
1,0.14765872,16,1
1,0.13279804,10,0
1,0.12341256,3,0
1,0.13653114,20,1
1,0.13786637,7,0
1,0.15808592,14,0
1,0.10427112,6,0
1,0.10469711,12,0
1,0.1466397,0,0
1,0.067636723,2,1
1,0.13563197,18,1
1,0.12174445,4,1
1,0.080493307,3,0
1,0.17079191,12,0
1,0.16323658,14,0
1,0.15297485,3,1
1,0.1331242,4,0
1,0.11709675,14,0
1,0.13448021,1,0
1,0.106398,11,0
1,0.097737734,4,1
1,0.14099145,3,1
1,0.093220675,13,0
1,0.15027403,13,0
1,0.21780959,16,1
1,0.098840555,10,0
1,0.11278826,3,0
1,0.11198677,20,1
1,0.16011239,7,0
1,0.16027616,14,0
1,0.10262509,6,0
1,0.09185437,12,0
1,0.14806263,0,0
1,0.061764246,2,1
1,0.12575921,18,1
1,0.11103413,4,1
1,0.11029859,3,0
1,0.16025048,12,0
1,0.13940379,14,0
1,0.11332419,3,1
1,0.13836156,4,0
1,0.12078576,14,0
1,0.089091661,1,0
1,0.091660269,11,0
1,0.097996726,4,1
1,0.13733487,3,1
1,0.10881241,13,0
1,0.11834153,13,0
1,0.17826536,16,1
1,0.1234051,10,0
1,0.14388641,3,0
1,0.13197129,20,1
1,0.14868704,7,0
1,0.12628819,14,0
1,0.097285426,6,0
1,0.081594061,12,0
1,0.12879487,0,0
1,0.068423343,2,1
1,0.1212521,18,1
1,0.099011502,4,1
1,0.1220587,3,0
1,0.17039354,12,0
1,0.13241566,14,0
1,0.10620233,3,1
1,0.10806563,4,0
1,0.14879672,14,0
1,0.10946384,1,0
1,0.085888937,11,0
1,0.10703643,4,1
1,0.17624027,3,1
1,0.14714307,13,0
1,0.1265931,13,0
1,0.18110206,16,1
1,0.13287159,10,0
1,0.13936265,3,0
1,0.14731736,20,1
1,0.14519936,7,0
1,0.16407382,14,0
1,0.097812973,6,0
1,0.10855293,12,0
1,0.12875755,0,0
1,0.063633962,2,1
1,0.1354072,18,1
1,0.10454306,4,1
1,0.10382519,3,0
1,0.21751858,12,0
1,0.17267313,14,0
1,0.13706439,3,1
1,0.13360227,4,0
1,0.15743396,14,0
1,0.11777335,1,0
1,0.12441506,11,0
1,0.10027816,4,1
1,0.13197652,3,1
1,0.098819422,13,0
1,0.19615028,13,0
1,0.19442024,16,1
1,0.097307499,10,0
1,0.12769983,3,0
1,0.13632547,20,1
1,0.12206779,7,0
1,0.15734984,14,0
1,0.15177914,6,0
1,0.11840634,12,0
1,0.16004695,0,0
1,0.063471214,2,1
1,0.12012714,18,1
1,0.092289802,4,1
1,0.10766571,3,0
1,0.17770073,12,0
1,0.1158421,14,0
1,0.08972287,3,1
1,0.14484626,4,0
1,0.16727878,14,0
1,0.093978248,1,0
1,0.12691689,11,0
1,0.11712424,4,1
1,0.12996228,3,1
1,0.14066787,13,0
1,0.13439273,13,0
1,0.16932642,16,1
1,0.13995266,10,0
1,0.11961859,3,0
1,0.095948017,20,1
1,0.16100074,7,0
1,0.16800532,14,0
1,0.084256922,6,0
1,0.11656907,12,0
1,0.14157723,0,0
1,0.10739825,2,1
1,0.14336461,18,1
1,0.11408077,4,1
1,0.085692847,3,0
1,0.20735138,12,0
1,0.13837953,14,0
1,0.12310622,3,1
1,0.1652863,4,0
1,0.14627245,14,0
1,0.10982221,1,0
1,0.10630675,11,0
1,0.058367061,4,1
1,0.12445366,3,1
1,0.12496237,13,0
1,0.1478568,13,0
1,0.1946548,16,1
1,0.14662878,10,0
1,0.17587041,3,0
1,0.10829826,20,1
1,0.14215704,7,0
1,0.18653319,14,0
1,0.12134525,6,0
1,0.077950002,12,0
1,0.1448667,0,0
1,0.072060077,2,1
1,0.10855382,18,1
1,0.092493921,4,1
1,0.1209,3,0
1,0.12809201,12,0
1,0.11723653,14,0
1,0.14466885,3,1
1,0.107957,4,0
1,0.099756851,14,0
1,0.11299734,1,0
1,0.11177837,11,0
1,0.057311791,4,1
1,0.13912966,3,1
1,0.12372754,13,0
1,0.12282833,13,0
1,0.15213496,16,1
1,0.14281983,10,0
1,0.10102961,3,0
1,0.13307772,20,1
1,0.12918583,7,0
1,0.13707181,14,0
1,0.10567754,6,0
1,0.11877735,12,0
1,0.15725495,0,0
1,0.063444787,2,1
1,0.15644829,18,1
1,0.099706237,4,1
1,0.068973042,3,0
1,0.16104744,12,0
1,0.15387164,14,0
1,0.10549318,3,1
1,0.15412759,4,0
1,0.15628031,14,0
1,0.11948026,1,0
1,0.11603807,11,0
1,0.11714251,4,1
1,0.14328997,3,1
1,0.12648175,13,0
1,0.15863661,13,0
1,0.16729845,16,1
1,0.083099376,10,0
1,0.10880116,3,0
1,0.12158044,20,1
1,0.14391736,7,0
1,0.16759294,14,0
1,0.11227959,6,0
1,0.11312552,12,0
1,0.15005811,0,0
1,0.10643852,2,1
1,0.12962047,18,1
1,0.092638253,4,1
1,0.12616103,3,0
1,0.16475312,12,0
1,0.11357372,14,0
1,0.15788906,3,1
1,0.13710947,4,0
1,0.15138574,14,0
1,0.11344232,1,0
1,0.093657606,11,0
1,0.1466036,4,1
1,0.15681118,3,1
1,0.14111042,13,0
1,0.15943786,13,0
1,0.20086359,16,1
1,0.12058971,10,0
1,0.099832887,3,0
1,0.1407916,20,1
1,0.13387432,7,0
1,0.15067051,14,0
1,0.060173476,6,0
1,0.093054478,12,0
1,0.11166055,0,0
1,0.066451409,2,1
1,0.11345904,18,1
1,0.1119052,4,1
1,0.10490965,3,0
1,0.19812025,12,0
1,0.12553352,14,0
1,0.13372558,3,1
1,0.13246519,4,0
1,0.12191541,14,0
1,0.11076261,1,0
1,0.10036059,11,0
1,0.091413311,4,1
1,0.14248844,3,1
1,0.13778077,13,0
1,0.12518715,13,0
1,0.17525729,16,1
1,0.13425434,10,0
1,0.11829157,3,0
1,0.11960529,20,1
1,0.15831787,7,0
1,0.14617432,14,0
1,0.13551259,6,0
1,0.12994509,12,0
1,0.11445802,0,0
1,0.077127273,2,1
1,0.10472865,18,1
1,0.093455993,4,1
1,0.10115062,3,0
1,0.19022822,12,0
1,0.1358813,14,0
1,0.11433527,3,1
1,0.17476292,4,0
1,0.11349171,14,0
1,0.12113123,1,0
1,0.12783665,11,0
1,0.069908672,4,1
1,0.16296967,3,1
1,0.11665484,13,0
1,0.13504859,13,0
1,0.16175945,16,1
1,0.13565462,10,0
1,0.16037068,3,0
1,0.12947375,20,1
1,0.16591186,7,0
1,0.18141754,14,0
1,0.1230677,6,0
1,0.12881141,12,0
1,0.16322733,0,0
1,0.091881577,2,1
1,0.10453392,18,1
1,0.13122206,4,1
1,0.1154862,3,0
1,0.16470267,12,0
1,0.088141396,14,0
1,0.098789153,3,1
1,0.17225512,4,0
1,0.14440619,14,0
1,0.15404485,1,0
1,0.099064363,11,0
1,0.11131321,4,1
1,0.14678,3,1
1,0.13676768,13,0
1,0.1416369,13,0
1,0.17886817,16,1
1,0.14014938,10,0
1,0.11248321,3,0
1,0.13289497,20,1
1,0.15295302,7,0
1,0.15127536,14,0
1,0.066690276,6,0
1,0.093828276,12,0
1,0.12424199,0,0
1,0.065898263,2,1
1,0.12911833,18,1
1,0.12179494,4,1
1,0.10231253,3,0
1,0.16137419,12,0
1,0.13019537,14,0
1,0.14763754,3,1
1,0.10999195,4,0
1,0.12180669,14,0
1,0.11283896,1,0
1,0.12828696,11,0
1,0.092091253,4,1
1,0.13969238,3,1
1,0.11666246,13,0
1,0.12801265,13,0
1,0.1720291,16,1
1,0.092994889,10,0
1,0.13611234,3,0
1,0.14737411,20,1
1,0.15174612,7,0
1,0.15692765,14,0
1,0.11321067,6,0
1,0.09473556,12,0
1,0.15004822,0,0
1,0.10333305,2,1
1,0.11172033,18,1
1,0.093291932,4,1
1,0.11761725,3,0
1,0.15737516,12,0
1,0.13608569,14,0
1,0.11537306,3,1
1,0.11581992,4,0
1,0.14312152,14,0
1,0.15837708,1,0
1,0.091399521,11,0
1,0.086485817,4,1
1,0.13241888,3,1
1,0.11358247,13,0
1,0.11033489,13,0
1,0.18161097,16,1
1,0.15006509,10,0
1,0.11660273,3,0
1,0.1296264,20,1
1,0.12156536,7,0
1,0.17097632,14,0
1,0.099831417,6,0
1,0.085772265,12,0
1,0.15213154,0,0
1,0.0872836,2,1
1,0.10089056,18,1
1,0.11243946,4,1
1,0.084303598,3,0
1,0.18382979,12,0
1,0.11404304,14,0
1,0.12681668,3,1
1,0.13207143,4,0
1,0.1193986,14,0
1,0.096484897,1,0
1,0.12674601,11,0
1,0.11423157,4,1
1,0.13207929,3,1
1,0.11958874,13,0
1,0.172215,13,0
1,0.17826474,16,1
1,0.11626368,10,0
1,0.11164496,3,0
1,0.086012102,20,1
1,0.14066584,7,0
1,0.1547994,14,0
1,0.10241636,6,0
1,0.10714539,12,0
1,0.13775151,0,0
1,0.071012173,2,1
1,0.13360546,18,1
1,0.10274942,4,1
1,0.099729011,3,0
1,0.15384456,12,0
1,0.1038566,14,0
1,0.094145269,3,1
1,0.11545676,4,0
1,0.13209609,14,0
1,0.095742716,1,0
1,0.095555016,11,0
1,0.12093391,4,1
1,0.12176605,3,1
1,0.093311046,13,0
1,0.11775256,13,0
1,0.16806392,16,1
1,0.12864169,10,0
1,0.15737511,3,0
1,0.12346198,20,1
1,0.16549341,7,0
1,0.17842394,14,0
1,0.12459359,6,0
1,0.12237695,12,0
1,0.16262213,0,0
1,0.074707473,2,1
1,0.1253861,18,1
1,0.065653788,4,1
1,0.11236281,3,0
1,0.18054142,12,0
1,0.12604283,14,0
1,0.10769886,3,1
1,0.12028928,4,0
1,0.10077438,14,0
1,0.12919234,1,0
1,0.10483916,11,0
1,0.092967046,4,1
1,0.15569372,3,1
1,0.15717242,13,0
1,0.11866408,13,0
1,0.18323986,16,1
1,0.1571304,10,0
1,0.12674458,3,0
1,0.12672686,20,1
1,0.12608566,7,0
1,0.1991672,14,0
1,0.13701741,6,0
1,0.10017433,12,0
1,0.12755747,0,0
